DELETE FROM PATIENT;

INSERT INTO PATIENT (pt_id, prenom, nom, email, sexe, groupe_sanguin, date_naissance, telephone, ville, code_postal,
                     adresse)
VALUES (1, 'Alexandre', 'Jacob', 'alexandre.jacob@gmail.com', 'M', 'O+', '2006-08-15', '06-85-96-21-03', 'Mallemort',
        '13370', NULL),
       (2, 'Jules', 'Fuselier', 'jules.fuselier@gmail.com', 'M', 'B-', '2006-04-26', '06-15-94-22-17',
        'Aix-en-Provence', '13100', NULL),
       (3, 'Hugo', 'Brest-Lestrade', 'hugo.brest@gmail.com', 'M', 'AB+', '2006-03-01', '06-28-11-65-71', 'Villeneuve',
        '04180', NULL),
       (4, 'Ewan', 'Acemyan de Oliveira', 'ewan.acemyan@gmail.com', 'M', 'O+', '2006-03-16', '06-33-03-42-15',
        'Marseille', '13000', NULL),
       (5, 'Véronique', 'Klaxon', 'veronique.klaxon@gmail.com', 'F', 'AB+', '1949-04-24', '06-17-85-33-05',
        'Boulogne-Billancourt', '92012', NULL),
       (6, 'Chantal', 'Ladessu', 'chantal.ladessu@gmail.com', 'F', 'O-', '1948-05-05', '06-05-03-49-97', 'Roubaix',
        '59512', NULL),
       (7, 'Marion', 'Petit', 'marion.petit7@gmail.com', 'F', 'A+', '1992-11-05', '06-12-34-56-71', 'Lyon', '69003',
        '14 rue de la Poste'),
       (8, 'Antoine', 'Morel', 'antoine.morel8@gmail.com', 'M', 'O-', '1985-02-20', '06-13-24-56-82', 'Bordeaux',
        '33000', '8 avenue Gambetta'),
       (9, 'Claire', 'Dupuy', 'claire.dupuy9@gmail.com', 'F', 'B+', '1978-07-12', '06-14-35-67-93', 'Nantes', '44000',
        '22 rue Sainte-Catherine'),
       (10, 'Mathieu', 'Leroy', 'mathieu.leroy10@gmail.com', 'M', 'AB-', '2000-01-30', '06-15-46-78-04', 'Toulouse',
        '31000', '3 bis impasse des Artisans'),
       (11, 'Sophie', 'Bernard', 'sophie.bernard11@gmail.com', 'F', 'O+', '1965-10-09', '06-16-57-89-15', 'Nice',
        '06000', '5 rue Masséna'),
       (12, 'Lucas', 'Renaud', 'lucas.renaud12@gmail.com', 'M', 'A-', '1999-05-25', '06-17-68-90-26', 'Strasbourg',
        '67000', '10 place Kléber'),
       (13, 'Julie', 'Garnier', 'julie.garnier13@gmail.com', 'F', 'B-', '1988-09-03', '06-18-79-01-37', 'Montpellier',
        '34000', '27 rue de la République'),
       (14, 'Théo', 'Fabre', 'theo.fabre14@gmail.com', 'M', 'AB+', '2003-12-18', '06-19-80-12-48', 'Rennes', '35000',
        '41 avenue Henri Fréville'),
       (15, 'Emilie', 'Rivet', 'emilie.rivet15@gmail.com', 'F', 'O-', '1972-06-21', '06-20-91-23-59', 'Tours', '37000',
        '6 rue Nationale'),
       (16, 'Nicolas', 'Pons', 'nicolas.pons16@gmail.com', 'M', 'A+', '1980-04-14', '06-21-02-34-60', 'Orléans',
        '45000', '19 rue Jeanne d Arc'),
       (17, 'Camille', 'Boyd', 'camille.boyd17@gmail.com', 'F', 'B+', '1995-08-07', '06-22-13-45-71', 'Amiens', '80000',
        '12 boulevard de Beauvillé'),
       (18, 'Julien', 'Marchal', 'julien.marchal18@gmail.com', 'M', 'O+', '1975-03-29', '06-23-24-56-82', 'Dijon',
        '21000', '33 rue de la Liberté'),
       (19, 'Laetitia', 'Roche', 'laetitia.roche19@gmail.com', 'F', 'AB-', '1969-01-17', '06-24-35-67-93', 'Angers',
        '49000', '2 rue du Mail'),
       (20, 'Benoît', 'Gros', 'benoit.gros20@gmail.com', 'M', 'A-', '1990-10-02', '06-25-46-78-04', 'Le Mans', '72000',
        '58 avenue Bollée'),
       (21, 'Aline', 'Vernier', 'aline.vernier21@gmail.com', 'F', 'O+', '1982-11-30', '06-26-57-89-15',
        'Clermont-Ferrand', '63000', '7 place de Jaude'),
       (22, 'Romain', 'Gilbert', 'romain.gilbert22@gmail.com', 'M', 'B-', '2001-07-09', '06-27-68-90-26', 'Caen',
        '14000', '4 rue Saint-Pierre'),
       (23, 'Aurélie', 'Mallet', 'aurelie.mallet23@gmail.com', 'F', 'AB+', '1996-02-27', '06-28-79-01-37', 'Poitiers',
        '86000', '15 rue Carnot'),
       (24, 'Kevin', 'Dumas', 'kevin.dumas24@gmail.com', 'M', 'O-', '1987-12-11', '06-29-80-12-48', 'Besançon', '25000',
        '21 rue Battant'),
       (25, 'Adèle', 'Barbier', 'adele.barbier25@gmail.com', 'F', 'A+', '1958-09-19', '06-30-91-23-59', 'Pau', '64000',
        '9 avenue Béarnaise'),
       (26, 'Simon', 'Leclerc', 'simon.leclerc26@gmail.com', 'M', 'B+', '1994-06-02', '06-31-02-34-60', 'Metz', '57000',
        '36 rue Serpenoise'),
       (27, 'Valérie', 'Colin', 'valerie.colin27@gmail.com', 'F', 'O+', '1976-05-14', '06-32-13-45-71', 'Perpignan',
        '66000', '18 rue des Augustins'),
       (28, 'Damien', 'Noël', 'damien.noel28@gmail.com', 'M', 'AB-', '1983-08-23', '06-33-24-56-82', 'Nîmes', '30000',
        '44 boulevard Victor Hugo'),
       (29, 'Manon', 'Lemoine', 'manon.lemoine29@gmail.com', 'F', 'A-', '2005-04-06', '06-34-35-67-93', 'Calais',
        '62100', '11 place dArmes'),
       (30, 'Olivier', 'Perrin', 'olivier.perrin30@gmail.com', 'M', 'B-', '1955-12-28', '06-35-46-78-04', 'Cherbourg',
        '50100', '28 rue de la Marine'),
       (31, 'Isabelle', 'Rossi', 'isabelle.rossi31@gmail.com', 'F', 'AB+', '1960-03-22', '06-36-57-89-15',
        'Saint-Étienne', '42000', '47 cours Fauriel'),
       (32, 'Marc', 'Favre', 'marc.favre32@gmail.com', 'M', 'O-', '1998-09-16', '06-37-68-90-26', 'Ajaccio', '20000',
        '6 route des Sanguinaires'),
       (33, 'Céline', 'Guillet', 'celine.guillet33@gmail.com', 'F', 'A+', '1989-11-11', '06-38-79-01-37', 'La Rochelle',
        '17000', '3 quai Valin'),
       (34, 'Laurent', 'Blanc', 'laurent.blanc34@gmail.com', 'M', 'B+', '1970-02-05', '06-39-80-12-48', 'Colmar',
        '68000', '25 rue des Tanneurs'),
       (35, 'Nathalie', 'Aubert', 'nathalie.aubert35@gmail.com', 'F', 'O+', '1967-07-30', '06-40-91-23-59',
        'Bourg-en-Bresse', '01000', '1 rue de la République'),
       (36, 'Vincent', 'Marin', 'vincent.marin36@gmail.com', 'M', 'AB-', '1993-05-18', '06-41-02-34-60', 'Vannes',
        '56000', '14 rue Thiers'),
       (37, 'Sabrina', 'Duval', 'sabrina.duval37@gmail.com', 'F', 'A-', '1997-10-01', '06-42-13-45-71', 'Chartres',
        '28000', '30 rue des Changes'),
       (38, 'Hugo', 'Charpentier', 'hugo.charpentier38@gmail.com', 'M', 'O-', '2004-01-04', '06-43-24-56-82',
        'Saint-Malo', '35400', '7 avenue Georges Clemenceau'),
       (39, 'Pauline', 'Legrand', 'pauline.legrand39@gmail.com', 'F', 'B+', '1984-03-26', '06-44-35-67-93', 'Albi',
        '81000', '50 rue de la République'),
       (40, 'Maxime', 'Dupont', 'maxime.dupont40@gmail.com', 'M', 'AB+', '1991-06-13', '06-45-46-78-04', 'Annecy',
        '74000', '12 impasse du Lac'),
       (41, 'Elodie', 'Pillot', 'elodie.pillot41@gmail.com', 'F', 'O+', '2002-08-29', '06-46-57-89-15', 'Arras',
        '62000', '5 place des Héros'),
       (42, 'Thomas', 'Bazin', 'thomas.bazin42@gmail.com', 'M', 'A-', '1986-04-08', '06-47-68-90-26', 'Le Havre',
        '76600', '9 quai de l Arsenal'),
       (43, 'Morgane', 'Lefèvre', 'morgane.lefevre43@gmail.com', 'F', 'B-', '1990-09-27', '06-48-79-01-37', 'Troyes',
        '10000', '16 rue Emile Zola'),
       (44, 'Fabien', 'Rochefort', 'fabien.rochefort44@gmail.com', 'M', 'O-', '1979-12-05', '06-49-80-12-48', 'Niort',
        '79000', '20 rue Ricard'),
       (45, 'Clara', 'Mercier', 'clara.mercier45@gmail.com', 'F', 'AB+', '2007-02-14', '06-50-91-23-59', 'Grasse',
        '06130', '2 avenue du Général de Gaulle'),
       (46, 'Yann', 'Bouchard', 'yann.bouchard46@gmail.com', 'M', 'A+', '1981-11-21', '06-51-02-34-60', 'Perigueux',
        '24000', '37 rue Limogeanne'),
       (47, 'Inès', 'Perrier', 'ines.perrier47@gmail.com', 'F', 'O-', '1999-03-09', '06-52-13-45-71', 'Saint-Brieuc',
        '22000', '29 boulevard Sévigné'),
       (48, 'Gilles', 'Noirot', 'gilles.noirot48@gmail.com', 'M', 'B+', '1952-07-04', '06-53-24-56-82', 'Mâcon',
        '71000', '11 rue de la Barre'),
       (49, 'Maëva', 'Carpentier', 'maeva.carpentier49@gmail.com', 'F', 'AB-', '1994-05-20', '06-54-35-67-93',
        'Chalon-sur-Saône', '71100', '24 rue du Colonel Bourg'),
       (50, 'Rémi', 'Bertin', 'remi.bertin50@gmail.com', 'M', 'B-', '2008-09-15', '06-55-46-78-04', 'Calvi', '20260',
        '18 rue du Gouvernail');
